{
  "index": 4,
  "input": "[*症状*]腰椎间盘突出装修引起的腰椎间盘突出腰椎间盘突出不能结婚吗[*基于图的检索增强信息*]就诊方向脊柱退行性变。疾病方向脊柱退行性变",
  "output": "[*推荐方剂*]  \n方剂名称：**独活寄生汤加减**  \n\n[*中药成分*]  \n**君药**：  \n- 独活12g（祛风除湿，通痹止痛）  \n- 桑寄生15g（补肝肾，强筋骨）  \n\n**臣药**：  \n- 杜仲12g（补肝肾，强筋骨）  \n- 牛膝12g（活血通经，引药下行）  \n- 当归10g（活血养血）  \n\n**佐药**：  \n- 川芎10g（活血行气，祛风止痛）  \n- 白芍12g（养血柔肝，缓急止痛）  \n- 茯苓12g（健脾渗湿）  \n- 防风10g（祛风胜湿）  \n\n**使药**：  \n- 细辛3g（温经散寒止痛）  \n- 甘草6g（调和诸药）  \n\n[*适用人群症状*]  \n适合因劳累、受寒或外伤（如装修等体力劳动）导致的腰椎间盘突出症患者，表现为腰部疼痛、活动受限、下肢麻木或放射痛，遇寒加重，得温则减。  \n\n[*脉象舌苔*]  \n- **脉象**：沉细或弦紧  \n- **舌苔**：舌淡苔白或白腻  \n\n[*方剂使用禁忌*]  \n- **禁忌人群**：阴虚火旺、实热证患者禁用；孕妇慎用。  \n- **配伍禁忌**：不宜与藜芦同用（因含白芍）。  \n- **注意事项**：服药期间忌生冷、油腻食物；避免过度劳累及受寒。  \n\n[*炮制方法*]  \n1. 将上述药材（除细辛外）洗净，浸泡30分钟。  \n2. 加水煎煮，武火煮沸后转文火煎30分钟。  \n3. 加入细辛，再煎5分钟。  \n4. 滤取药液，分2次温服（早晚各1次）。  \n5. 常用剂型：汤剂，也可制成丸剂（需调整用量）。  \n\n**加减建议**：  \n- 疼痛剧烈者：加制川乌6g（先煎）、乳香6g。  \n- 下肢麻木明显者：加鸡血藤15g、地龙10g。  \n- 寒湿重者：加干姜10g、苍术10g。  \n\n（注：使用制川乌需先煎1小时以减毒，建议在医师指导下调整方剂。）",
  "scores": {
    "dimensions": [
      {
        "name": "配伍禁忌符合率",
        "score": 1.0,
        "max_score": 1.0,
        "weight": 1.0,
        "reason": "无配伍禁忌错误"
      },
      {
        "name": "君臣佐使结构合理率",
        "score": 1.0,
        "max_score": 1.0,
        "weight": 1.0,
        "reason": "结构清晰合理"
      },
      {
        "name": "幻觉率",
        "score": 1.0,
        "max_score": 1.0,
        "weight": 1.0,
        "reason": "无幻觉内容"
      },
      {
        "name": "临床指南匹配情况",
        "score": 70.0,
        "max_score": 100.0,
        "weight": 15.0,
        "reason": "适用于腰椎间盘突出症，但未具体引用临床指南"
      },
      {
        "name": "毒性成份识别情况",
        "score": 80.0,
        "max_score": 100.0,
        "weight": 15.0,
        "reason": "识别了制川乌的毒性并建议先煎"
      },
      {
        "name": "个性化匹配度",
        "score": 90.0,
        "max_score": 100.0,
        "weight": 12.0,
        "reason": "提供了加减建议"
      },
      {
        "name": "可解释性证据质量",
        "score": 85.0,
        "max_score": 100.0,
        "weight": 10.0,
        "reason": "提供了药材功效解释，但缺乏具体研究证据"
      },
      {
        "name": "平见药的使用缺漏情况",
        "score": 95.0,
        "max_score": 100.0,
        "weight": 10.0,
        "reason": "未见明显缺漏"
      },
      {
        "name": "不良反应禁忌覆盖情况",
        "score": 85.0,
        "max_score": 100.0,
        "weight": 10.0,
        "reason": "提到了禁忌人群和注意事项"
      },
      {
        "name": "药材可获取情况",
        "score": 95.0,
        "max_score": 100.0,
        "weight": 8.0,
        "reason": "药材常见易得"
      },
      {
        "name": "疗效证据可信度",
        "score": 70.0,
        "max_score": 100.0,
        "weight": 5.0,
        "reason": "缺乏具体疗效证据支持"
      },
      {
        "name": "剂量合理性",
        "score": 90.0,
        "max_score": 100.0,
        "weight": 10.0,
        "reason": "剂量合理，有具体数值"
      },
      {
        "name": "鲁棒性",
        "score": 90.0,
        "max_score": 100.0,
        "weight": 5.0,
        "reason": "考虑了多种情况和个体差异"
      }
    ],
    "weighted_total": 87.4
  },
  "model_raw": "{\n  \"dimensions\": {\n    \"配伍禁忌符合率\": {\n      \"score\": 1.0,\n      \"reason\": \"无配伍禁忌错误\"\n    },\n    \"君臣佐使结构合理率\": {\n      \"score\": 1.0,\n      \"reason\": \"结构清晰合理\"\n    },\n    \"幻觉率\": {\n      \"score\": 1.0,\n      \"reason\": \"无幻觉内容\"\n    },\n    \"临床指南匹配情况\": {\n      \"score\": 70.0,\n      \"reason\": \"适用于腰椎间盘突出症，但未具体引用临床指南\"\n    },\n    \"毒性成份识别情况\": {\n      \"score\": 80.0,\n      \"reason\": \"识别了制川乌的毒性并建议先煎\"\n    },\n    \"个性化匹配度\": {\n      \"score\": 90.0,\n      \"reason\": \"提供了加减建议\"\n    },\n    \"可解释性证据质量\": {\n      \"score\": 85.0,\n      \"reason\": \"提供了药材功效解释，但缺乏具体研究证据\"\n    },\n    \"平见药的使用缺漏情况\": {\n      \"score\": 95.0,\n      \"reason\": \"未见明显缺漏\"\n    },\n    \"不良反应禁忌覆盖情况\": {\n      \"score\": 85.0,\n      \"reason\": \"提到了禁忌人群和注意事项\"\n    },\n    \"药材可获取情况\": {\n      \"score\": 95.0,\n      \"reason\": \"药材常见易得\"\n    },\n    \"疗效证据可信度\": {\n      \"score\": 70.0,\n      \"reason\": \"缺乏具体疗效证据支持\"\n    },\n    \"剂量合理性\": {\n      \"score\": 90.0,\n      \"reason\": \"剂量合理，有具体数值\"\n    },\n    \"鲁棒性\": {\n      \"score\": 90.0,\n      \"reason\": \"考虑了多种情况和个体差异\"\n    },\n    \"weighted_total\": 85.0\n  }\n}"
}