{
  "index": 1,
  "input": "[*症状*]心口窝早晨起来阵疼胃镜和彩超都看了，也没看出来哪里有毛病。希望医生帮帮忙[*基于图的检索增强信息*]就诊方向心内科。疾病方向心内科其他",
  "output": "[*推荐方剂*]  \n方剂名称：**香砂六君子汤**  \n\n[*中药成分*]  \n**君药**：  \n- 党参15g（补中益气，健脾养胃）  \n\n**臣药**：  \n- 白术12g（健脾燥湿，助运化）  \n- 茯苓12g（利水渗湿，健脾宁心）  \n\n**佐药**：  \n- 陈皮9g（理气健脾，燥湿化痰）  \n- 半夏9g（降逆止呕，消痞散结）  \n- 木香6g（行气止痛，健脾消食）  \n- 砂仁6g（化湿开胃，温脾止泻）  \n\n**使药**：  \n- 甘草6g（调和诸药，补脾益气）  \n\n[*适用人群症状*]  \n适合脾胃虚弱、气滞湿阻型功能性消化不良患者。典型表现为：  \n- 胃脘痞闷或隐痛  \n- 食欲不振  \n- 嗳气频作  \n- 饭后饱胀  \n- 大便溏薄或排便不畅  \n- 虽经胃镜等检查未见器质性病变  \n\n[*脉象舌苔*]  \n- **脉象**：细弱或弦滑  \n- **舌苔**：舌质淡胖，苔白腻或薄白  \n\n[*方剂使用禁忌*]  \n- **禁忌人群**：  \n  - 实热证患者（舌红苔黄、口干口苦）  \n  - 阴虚火旺者（五心烦热、盗汗）  \n- **配伍禁忌**：  \n  - 不宜与含乌头碱类药物同用  \n- **注意事项**：  \n  - 服药期间忌食生冷油腻  \n  - 孕妇慎用半夏  \n\n[*炮制方法*]  \n1. 所有药材净选后晒干  \n2. 半夏需姜汁炮制（每100g半夏用生姜20g取汁拌炒）  \n3. 砂仁后下（其他药煎煮完成前5分钟加入）  \n4. 常规水煎法：  \n   - 头煎加水500ml，武火煮沸后文火煎30分钟  \n   - 二煎加水300ml，煎20分钟  \n   - 两煎药液混合，分2-3次温服  \n5. 亦可制成丸剂：  \n   - 各药等份研细末  \n   - 水泛为丸，如绿豆大  \n   - 每次6-9g，每日2次  \n\n（注：此方针对\"检查无异常的功能性胃肠不适\"，若症状持续或加重，建议复查排除器质性疾病）",
  "scores": {
    "dimensions": [
      {
        "name": "配伍禁忌符合率",
        "score": 1.0,
        "max_score": 1.0,
        "weight": 1.0,
        "reason": "无配伍禁忌问题"
      },
      {
        "name": "君臣佐使结构合理率",
        "score": 1.0,
        "max_score": 1.0,
        "weight": 1.0,
        "reason": "结构清晰合理"
      },
      {
        "name": "幻觉率",
        "score": 1.0,
        "max_score": 1.0,
        "weight": 1.0,
        "reason": "无幻觉现象"
      },
      {
        "name": "临床指南匹配情况",
        "score": 70.0,
        "max_score": 100.0,
        "weight": 15.0,
        "reason": "描述了适用症状和禁忌，但缺乏具体临床指南引用"
      },
      {
        "name": "毒性成份识别情况",
        "score": 80.0,
        "max_score": 100.0,
        "weight": 15.0,
        "reason": "识别了半夏的炮制方法和孕妇慎用，但未全面覆盖所有毒性成分"
      },
      {
        "name": "个性化匹配度",
        "score": 85.0,
        "max_score": 100.0,
        "weight": 12.0,
        "reason": "详细描述了适用症状和禁忌，但未提供个性化调整建议"
      },
      {
        "name": "可解释性证据质量",
        "score": 75.0,
        "max_score": 100.0,
        "weight": 10.0,
        "reason": "提供了药材功效说明，但缺乏具体研究证据支持"
      },
      {
        "name": "平见药的使用缺漏情况",
        "score": 90.0,
        "max_score": 100.0,
        "weight": 10.0,
        "reason": "未见明显缺漏，但未提及具体用量依据"
      },
      {
        "name": "不良反应禁忌覆盖情况",
        "score": 85.0,
        "max_score": 100.0,
        "weight": 10.0,
        "reason": "提到了禁忌人群和注意事项，但未全面覆盖所有可能的不良反应"
      },
      {
        "name": "药材可获取情况",
        "score": 95.0,
        "max_score": 100.0,
        "weight": 8.0,
        "reason": "药材常见易得，未提及获取困难"
      },
      {
        "name": "疗效证据可信度",
        "score": 60.0,
        "max_score": 100.0,
        "weight": 5.0,
        "reason": "缺乏具体疗效证据支持"
      },
      {
        "name": "剂量合理性",
        "score": 85.0,
        "max_score": 100.0,
        "weight": 10.0,
        "reason": "提供了具体剂量，但未详细说明剂量依据"
      },
      {
        "name": "鲁棒性",
        "score": 80.0,
        "max_score": 100.0,
        "weight": 5.0,
        "reason": "考虑了一定范围内的禁忌和注意事项，但未全面覆盖所有情况"
      }
    ],
    "weighted_total": 83.8
  },
  "model_raw": "{\n  \"dimensions\": {\n    \"配伍禁忌符合率\": {\n      \"score\": 1.0,\n      \"reason\": \"无配伍禁忌问题\"\n    },\n    \"君臣佐使结构合理率\": {\n      \"score\": 1.0,\n      \"reason\": \"结构清晰合理\"\n    },\n    \"幻觉率\": {\n      \"score\": 1.0,\n      \"reason\": \"无幻觉现象\"\n    },\n    \"临床指南匹配情况\": {\n      \"score\": 70.0,\n      \"reason\": \"描述了适用症状和禁忌，但缺乏具体临床指南引用\"\n    },\n    \"毒性成份识别情况\": {\n      \"score\": 80.0,\n      \"reason\": \"识别了半夏的炮制方法和孕妇慎用，但未全面覆盖所有毒性成分\"\n    },\n    \"个性化匹配度\": {\n      \"score\": 85.0,\n      \"reason\": \"详细描述了适用症状和禁忌，但未提供个性化调整建议\"\n    },\n    \"可解释性证据质量\": {\n      \"score\": 75.0,\n      \"reason\": \"提供了药材功效说明，但缺乏具体研究证据支持\"\n    },\n    \"平见药的使用缺漏情况\": {\n      \"score\": 90.0,\n      \"reason\": \"未见明显缺漏，但未提及具体用量依据\"\n    },\n    \"不良反应禁忌覆盖情况\": {\n      \"score\": 85.0,\n      \"reason\": \"提到了禁忌人群和注意事项，但未全面覆盖所有可能的不良反应\"\n    },\n    \"药材可获取情况\": {\n      \"score\": 95.0,\n      \"reason\": \"药材常见易得，未提及获取困难\"\n    },\n    \"疗效证据可信度\": {\n      \"score\": 60.0,\n      \"reason\": \"缺乏具体疗效证据支持\"\n    },\n    \"剂量合理性\": {\n      \"score\": 85.0,\n      \"reason\": \"提供了具体剂量，但未详细说明剂量依据\"\n    },\n    \"鲁棒性\": {\n      \"score\": 80.0,\n      \"reason\": \"考虑了一定范围内的禁忌和注意事项，但未全面覆盖所有情况\"\n    },\n    \"weighted_total\": 80.5\n  }\n}"
}