{
  "index": 0,
  "input": "[*症状*]这症状是什么病\n鼻子不通窍症状鼻塞时轻时重，但晚上和晨起有点重。有时候头痛，有点脓鼻涕。听力轻微下降。鼻CT和内镜有什么问题？怎么办？以前做过扁桃体手术[*基于图的检索增强信息*]就诊方向小儿耳鼻喉。疾病方向小儿耳鼻喉其他",
  "output": "[*推荐方剂*]  \n方剂名称：**苍耳子散加减**  \n\n[*中药成分*]  \n**君药**：  \n- 苍耳子10g（祛风除湿，通鼻窍）  \n- 辛夷10g（散风寒，通鼻窍）  \n\n**臣药**：  \n- 白芷10g（祛风止痛，消肿排脓）  \n- 薄荷6g（疏散风热，清利头目）  \n\n**佐药**：  \n- 黄芩10g（清热燥湿，泻火解毒）  \n- 川芎6g（活血行气，祛风止痛）  \n\n**使药**：  \n- 甘草3g（调和诸药，清热解毒）  \n\n[*适用人群症状*]  \n适合外感风寒或风热未清，鼻窍不通，症见鼻塞时轻时重、晨晚加重、头痛、脓涕、听力轻度下降者。  \n\n[*脉象舌苔*]  \n- **脉象**：浮数或浮紧（提示外感风寒或风热）  \n- **舌苔**：薄白或薄黄（风寒或风热初起）  \n\n[*方剂使用禁忌*]  \n- **禁忌人群**：孕妇慎用，阴虚火旺者忌用  \n- **配伍禁忌**：不宜与温补类药物同用  \n- **注意事项**：服药期间忌食辛辣刺激食物  \n\n[*炮制方法*]  \n1. 将苍耳子炒至微黄，去刺  \n2. 辛夷包煎  \n3. 所有药物（除薄荷外）加水煎煮30分钟  \n4. 最后5分钟加入薄荷  \n5. 滤取药液，分2次温服（汤剂）",
  "scores": {
    "dimensions": [
      {
        "name": "配伍禁忌符合率",
        "score": 0.0,
        "max_score": 1.0,
        "weight": 1.0,
        "reason": "未评估或缺失，默认0分"
      },
      {
        "name": "君臣佐使结构合理率",
        "score": 0.0,
        "max_score": 1.0,
        "weight": 1.0,
        "reason": "未评估或缺失，默认0分"
      },
      {
        "name": "幻觉率",
        "score": 0.0,
        "max_score": 1.0,
        "weight": 1.0,
        "reason": "未评估或缺失，默认0分"
      },
      {
        "name": "临床指南匹配情况",
        "score": 0.0,
        "max_score": 100.0,
        "weight": 15.0,
        "reason": "未评估或缺失，默认0分"
      },
      {
        "name": "毒性成份识别情况",
        "score": 0.0,
        "max_score": 100.0,
        "weight": 15.0,
        "reason": "未评估或缺失，默认0分"
      },
      {
        "name": "个性化匹配度",
        "score": 0.0,
        "max_score": 100.0,
        "weight": 12.0,
        "reason": "未评估或缺失，默认0分"
      },
      {
        "name": "可解释性证据质量",
        "score": 0.0,
        "max_score": 100.0,
        "weight": 10.0,
        "reason": "未评估或缺失，默认0分"
      },
      {
        "name": "平见药的使用缺漏情况",
        "score": 0.0,
        "max_score": 100.0,
        "weight": 10.0,
        "reason": "未评估或缺失，默认0分"
      },
      {
        "name": "不良反应禁忌覆盖情况",
        "score": 0.0,
        "max_score": 100.0,
        "weight": 10.0,
        "reason": "未评估或缺失，默认0分"
      },
      {
        "name": "药材可获取情况",
        "score": 0.0,
        "max_score": 100.0,
        "weight": 8.0,
        "reason": "未评估或缺失，默认0分"
      },
      {
        "name": "疗效证据可信度",
        "score": 0.0,
        "max_score": 100.0,
        "weight": 5.0,
        "reason": "未评估或缺失，默认0分"
      },
      {
        "name": "剂量合理性",
        "score": 0.0,
        "max_score": 100.0,
        "weight": 10.0,
        "reason": "未评估或缺失，默认0分"
      },
      {
        "name": "鲁棒性",
        "score": 0.0,
        "max_score": 100.0,
        "weight": 5.0,
        "reason": "未评估或缺失，默认0分"
      }
    ],
    "weighted_total": 0.0
  },
  "model_raw": "{\n  \"dimensions\": {\n    \"配伍禁忌符合率\": 1.0,\n    \"君臣佐使结构合理率\": 1.0,\n    \"幻觉率\": 1.0,\n    \"临床指南匹配情况\": 85.0,\n    \"毒性成份识别情况\": 90.0,\n    \"个性化匹配度\": 80.0,\n    \"可解释性证据质量\": 95.0,\n    \"平见药的使用缺漏情况\": 90.0,\n    \"不良反应禁忌覆盖情况\": 95.0,\n    \"药材可获取情况\": 95.0,\n    \"疗效证据可信度\": 85.0,\n    \"剂量合理性\": 90.0,\n    \"鲁棒性\": 90.0,\n    \"weighted_total\": 90.7\n  }\n}"
}