{
  "index": 3,
  "input": "[*症状*]L4_5椎间盘膨出并突出由于膨出压迫左腿不舒服，特别是晚上更重。请给出合适的诊断方案腰间盘突出左腿疼痛[*基于图的检索增强信息*]就诊方向脊柱退行性变。疾病方向腰椎间盘突出",
  "output": "[*推荐方剂*]  \n方剂名称：**独活寄生汤加减**  \n\n[*中药成分*]  \n**君药**：  \n- 独活15g（祛风除湿，通痹止痛，专治下肢痹痛）  \n- 桑寄生30g（补肝肾，强筋骨，祛风湿）  \n\n**臣药**：  \n- 杜仲15g（补肝肾，强筋骨）  \n- 牛膝12g（活血通经，引药下行）  \n- 当归12g（养血活血，通络止痛）  \n\n**佐药**：  \n- 川芎10g（活血行气，祛风止痛）  \n- 白芍15g（养血柔肝，缓急止痛）  \n- 茯苓15g（健脾渗湿，宁心安神）  \n\n**使药**：  \n- 甘草6g（调和诸药，缓急止痛）  \n\n[*适用人群症状*]  \n- 腰椎间盘突出或膨出压迫神经导致的下肢疼痛、麻木  \n- 夜间疼痛加重，活动受限  \n- 常伴腰膝酸软、乏力  \n- 遇寒湿天气症状加重  \n\n[*脉象舌苔*]  \n- **脉象**：沉细或弦紧（主肝肾不足，寒湿痹阻）  \n- **舌苔**：舌质淡暗，苔白腻（提示气血不足，寒湿内停）  \n\n[*方剂使用禁忌*]  \n- **禁忌人群**：阴虚火旺者、孕妇慎用  \n- **配伍禁忌**：避免与寒凉泻下药同用  \n- **注意事项**：服药期间忌生冷油腻，注意腰部保暖  \n\n[*炮制方法*]  \n1. 所有药材冷水浸泡30分钟  \n2. 武火煮沸后转文火煎煮40分钟  \n3. 滤出药液后再煎一次，混合两次药液  \n4. 每日1剂，分早晚2次温服  \n5. 可配合药渣热敷患处（外用）  \n\n注：若疼痛剧烈可加制川乌6g（先煎1小时）；麻木明显加鸡血藤30g；肾虚明显加续断15g。建议连续服用2周后复诊调整方剂。",
  "scores": {
    "dimensions": [
      {
        "name": "配伍禁忌符合率",
        "score": 0.0,
        "max_score": 1.0,
        "weight": 1.0,
        "reason": "未评估或缺失，默认0分"
      },
      {
        "name": "君臣佐使结构合理率",
        "score": 0.0,
        "max_score": 1.0,
        "weight": 1.0,
        "reason": "未评估或缺失，默认0分"
      },
      {
        "name": "幻觉率",
        "score": 0.0,
        "max_score": 1.0,
        "weight": 1.0,
        "reason": "未评估或缺失，默认0分"
      },
      {
        "name": "临床指南匹配情况",
        "score": 0.0,
        "max_score": 100.0,
        "weight": 15.0,
        "reason": "未评估或缺失，默认0分"
      },
      {
        "name": "毒性成份识别情况",
        "score": 0.0,
        "max_score": 100.0,
        "weight": 15.0,
        "reason": "未评估或缺失，默认0分"
      },
      {
        "name": "个性化匹配度",
        "score": 0.0,
        "max_score": 100.0,
        "weight": 12.0,
        "reason": "未评估或缺失，默认0分"
      },
      {
        "name": "可解释性证据质量",
        "score": 0.0,
        "max_score": 100.0,
        "weight": 10.0,
        "reason": "未评估或缺失，默认0分"
      },
      {
        "name": "平见药的使用缺漏情况",
        "score": 0.0,
        "max_score": 100.0,
        "weight": 10.0,
        "reason": "未评估或缺失，默认0分"
      },
      {
        "name": "不良反应禁忌覆盖情况",
        "score": 0.0,
        "max_score": 100.0,
        "weight": 10.0,
        "reason": "未评估或缺失，默认0分"
      },
      {
        "name": "药材可获取情况",
        "score": 0.0,
        "max_score": 100.0,
        "weight": 8.0,
        "reason": "未评估或缺失，默认0分"
      },
      {
        "name": "疗效证据可信度",
        "score": 0.0,
        "max_score": 100.0,
        "weight": 5.0,
        "reason": "未评估或缺失，默认0分"
      },
      {
        "name": "剂量合理性",
        "score": 0.0,
        "max_score": 100.0,
        "weight": 10.0,
        "reason": "未评估或缺失，默认0分"
      },
      {
        "name": "鲁棒性",
        "score": 0.0,
        "max_score": 100.0,
        "weight": 5.0,
        "reason": "未评估或缺失，默认0分"
      }
    ],
    "weighted_total": 0.0
  },
  "model_raw": "{\n    \"dimensions\": {\n        \"配伍禁忌符合率\": 1.0,\n        \"君臣佐使结构合理率\": 1.0,\n        \"幻觉率\": 1.0,\n        \"临床指南匹配情况\": 85.0,\n        \"毒性成份识别情况\": 90.0,\n        \"个性化匹配度\": 80.0,\n        \"可解释性证据质量\": 95.0,\n        \"平见药的使用缺漏情况\": 100.0,\n        \"不良反应禁忌覆盖情况\": 100.0,\n        \"药材可获取情况\": 95.0,\n        \"疗效证据可信度\": 85.0,\n        \"剂量合理性\": 95.0,\n        \"鲁棒性\": 90.0,\n        \"weighted_total\": 90.7\n    }\n}"
}