{
  "index": 2,
  "input": "[*症状*]大便出血应该有一年了吧  开始大便不成型  现在好点能成型了 但是几乎每次擦屁股都有血 最早血不多 最近出现过两次多点的情况  擦干净就没血了 我看了看大便上没血  今早看了眼大便上有道裂纹  每次便后肛门周围有轻微酸痛痒 没有肚子疼  我平时吃素多  不吃海鲜 也不喝酒  大便后有血[*基于图的检索增强信息*]就诊方向直肠肛管疾病。疾病方向痔疮",
  "output": "[*推荐方剂*]  \n方剂名称：**槐花散加减**  \n\n[*中药成分*]  \n**君药**：  \n- 槐花炭15g（凉血止血，清大肠湿热）  \n\n**臣药**：  \n- 地榆炭12g（收敛止血，解毒敛疮）  \n- 侧柏叶10g（凉血止血，燥湿止痒）  \n\n**佐药**：  \n- 当归10g（养血活血，润肠通便）  \n- 炒白术12g（健脾益气，燥湿止泻）  \n- 防风6g（祛风胜湿，缓解肛门痒痛）  \n\n**使药**：  \n- 生甘草6g（调和诸药，清热解毒）  \n\n[*适用人群症状*]  \n适合长期便血、肛门潮湿瘙痒、大便初硬后溏者。典型表现为：  \n- 便后擦纸带血或便面有血丝  \n- 肛门灼热、酸胀、微痒  \n- 大便时干时溏，排便不畅  \n- 素食为主，脾胃虚弱  \n\n[*脉象舌苔*]  \n- **脉象**：弦细或濡数（提示湿热兼脾虚）  \n- **舌苔**：舌质偏红，苔薄黄微腻（下焦湿热征象）  \n\n[*方剂使用禁忌*]  \n- **禁忌人群**：孕妇、阳虚便血（血色淡红、畏寒肢冷者）  \n- **配伍禁忌**：忌与温补类药物同用  \n- **注意事项**：  \n  - 出血量大时需排除痔疮破裂  \n  - 服药期间忌食辛辣、燥热食物  \n  - 保持肛门清洁，可配合苦参煎汤外洗  \n\n[*炮制方法*]  \n1. 槐花、地榆均用炭剂（增强止血效果）  \n2. 诸药共研粗末，纱布包煎  \n3. 每日1剂，水煎2次，取汁300ml  \n4. 分早晚两次温服  \n5. 建议配合外用：五倍子10g煎汤熏洗肛门  \n\n◆ 加减建议：  \n- 肛门肿痛加：秦艽10g  \n- 便秘明显加：火麻仁15g  \n- 气虚下坠加：炙黄芪15g  \n\n（注：建议先行直肠指检排除肛裂/痔疮，若出血持续需结合现代医学检查）",
  "scores": {
    "dimensions": [
      {
        "name": "配伍禁忌符合率",
        "score": 0.0,
        "max_score": 1.0,
        "weight": 1.0,
        "reason": "未评估或缺失，默认0分"
      },
      {
        "name": "君臣佐使结构合理率",
        "score": 0.0,
        "max_score": 1.0,
        "weight": 1.0,
        "reason": "未评估或缺失，默认0分"
      },
      {
        "name": "幻觉率",
        "score": 0.0,
        "max_score": 1.0,
        "weight": 1.0,
        "reason": "未评估或缺失，默认0分"
      },
      {
        "name": "临床指南匹配情况",
        "score": 0.0,
        "max_score": 100.0,
        "weight": 15.0,
        "reason": "未评估或缺失，默认0分"
      },
      {
        "name": "毒性成份识别情况",
        "score": 0.0,
        "max_score": 100.0,
        "weight": 15.0,
        "reason": "未评估或缺失，默认0分"
      },
      {
        "name": "个性化匹配度",
        "score": 0.0,
        "max_score": 100.0,
        "weight": 12.0,
        "reason": "未评估或缺失，默认0分"
      },
      {
        "name": "可解释性证据质量",
        "score": 0.0,
        "max_score": 100.0,
        "weight": 10.0,
        "reason": "未评估或缺失，默认0分"
      },
      {
        "name": "平见药的使用缺漏情况",
        "score": 0.0,
        "max_score": 100.0,
        "weight": 10.0,
        "reason": "未评估或缺失，默认0分"
      },
      {
        "name": "不良反应禁忌覆盖情况",
        "score": 0.0,
        "max_score": 100.0,
        "weight": 10.0,
        "reason": "未评估或缺失，默认0分"
      },
      {
        "name": "药材可获取情况",
        "score": 0.0,
        "max_score": 100.0,
        "weight": 8.0,
        "reason": "未评估或缺失，默认0分"
      },
      {
        "name": "疗效证据可信度",
        "score": 0.0,
        "max_score": 100.0,
        "weight": 5.0,
        "reason": "未评估或缺失，默认0分"
      },
      {
        "name": "剂量合理性",
        "score": 0.0,
        "max_score": 100.0,
        "weight": 10.0,
        "reason": "未评估或缺失，默认0分"
      },
      {
        "name": "鲁棒性",
        "score": 0.0,
        "max_score": 100.0,
        "weight": 5.0,
        "reason": "未评估或缺失，默认0分"
      }
    ],
    "weighted_total": 0.0
  },
  "model_raw": "{\n    \"dimensions\": {\n        \"配伍禁忌符合率\": 1.0,\n        \"君臣佐使结构合理率\": 1.0,\n        \"幻觉率\": 1.0,\n        \"临床指南匹配情况\": 85.0,\n        \"毒性成份识别情况\": 90.0,\n        \"个性化匹配度\": 80.0,\n        \"可解释性证据质量\": 95.0,\n        \"平见药的使用缺漏情况\": 90.0,\n        \"不良反应禁忌覆盖情况\": 95.0,\n        \"药材可获取情况\": 95.0,\n        \"疗效证据可信度\": 85.0,\n        \"剂量合理性\": 95.0,\n        \"鲁棒性\": 90.0,\n        \"weighted_total\": 87.0\n    }\n}"
}