[
  {
    "index": 0,
    "input": "[*症状*]这症状是什么病\n鼻子不通窍症状鼻塞时轻时重，但晚上和晨起有点重。有时候头痛，有点脓鼻涕。听力轻微下降。鼻CT和内镜有什么问题？怎么办？以前做过扁桃体手术[*基于图的检索增强信息*]就诊方向小儿耳鼻喉。疾病方向小儿耳鼻喉其他",
    "output": "[*推荐方剂*]  \n方剂名称：**苍耳子散加减**  \n\n[*中药成分*]  \n**君药**：  \n- 苍耳子10g（祛风除湿，通鼻窍）  \n- 辛夷10g（散风寒，通鼻窍）  \n\n**臣药**：  \n- 白芷10g（祛风止痛，消肿排脓）  \n- 薄荷6g（疏散风热，清利头目）  \n\n**佐药**：  \n- 黄芩10g（清热燥湿，泻火解毒）  \n- 川芎6g（活血行气，祛风止痛）  \n\n**使药**：  \n- 甘草3g（调和诸药，清热解毒）  \n\n[*适用人群症状*]  \n适合外感风寒或风热未清，鼻窍不通，症见鼻塞时轻时重、晨晚加重、头痛、脓涕、听力轻度下降者。  \n\n[*脉象舌苔*]  \n- **脉象**：浮数或浮紧（提示外感风寒或风热）  \n- **舌苔**：薄白或薄黄（风寒或风热初起）  \n\n[*方剂使用禁忌*]  \n- **禁忌人群**：孕妇慎用，阴虚火旺者忌用  \n- **配伍禁忌**：不宜与温补类药物同用  \n- **注意事项**：服药期间忌食辛辣刺激食物  \n\n[*炮制方法*]  \n1. 将苍耳子炒至微黄，去刺  \n2. 辛夷包煎  \n3. 所有药物（除薄荷外）加水煎煮30分钟  \n4. 最后5分钟加入薄荷  \n5. 滤取药液，分2次温服（汤剂）",
    "scores": {
      "dimensions": [
        {
          "name": "配伍禁忌符合率",
          "score": 1.0,
          "max_score": 1.0,
          "weight": 1.0,
          "reason": "无配伍禁忌冲突"
        },
        {
          "name": "君臣佐使结构合理率",
          "score": 1.0,
          "max_score": 1.0,
          "weight": 1.0,
          "reason": "结构清晰合理"
        },
        {
          "name": "幻觉率",
          "score": 1.0,
          "max_score": 1.0,
          "weight": 1.0,
          "reason": "无幻觉内容"
        },
        {
          "name": "临床指南匹配情况",
          "score": 70.0,
          "max_score": 100.0,
          "weight": 15.0,
          "reason": "症状描述较为准确，但缺乏具体临床指南引用"
        },
        {
          "name": "毒性成份识别情况",
          "score": 80.0,
          "max_score": 100.0,
          "weight": 15.0,
          "reason": "未提及毒性成分，但未明确指出无毒性"
        },
        {
          "name": "个性化匹配度",
          "score": 60.0,
          "max_score": 100.0,
          "weight": 12.0,
          "reason": "症状描述较泛，未具体到个人"
        },
        {
          "name": "可解释性证据质量",
          "score": 70.0,
          "max_score": 100.0,
          "weight": 10.0,
          "reason": "药材功效描述较笼统，缺乏具体研究支持"
        },
        {
          "name": "平见药的使用缺漏情况",
          "score": 90.0,
          "max_score": 100.0,
          "weight": 10.0,
          "reason": "未见明显平见药使用缺漏"
        },
        {
          "name": "不良反应禁忌覆盖情况",
          "score": 80.0,
          "max_score": 100.0,
          "weight": 10.0,
          "reason": "禁忌说明较为全面"
        },
        {
          "name": "药材可获取情况",
          "score": 95.0,
          "max_score": 100.0,
          "weight": 8.0,
          "reason": "药材常见易得"
        },
        {
          "name": "疗效证据可信度",
          "score": 60.0,
          "max_score": 100.0,
          "weight": 5.0,
          "reason": "缺乏具体疗效证据支持"
        },
        {
          "name": "剂量合理性",
          "score": 85.0,
          "max_score": 100.0,
          "weight": 10.0,
          "reason": "剂量设置合理，但未提供依据"
        },
        {
          "name": "鲁棒性",
          "score": 80.0,
          "max_score": 100.0,
          "weight": 5.0,
          "reason": "整体结构合理，但细节上存在不足"
        }
      ],
      "weighted_total": 79.8
    },
    "model_raw": "{\n  \"dimensions\": {\n    \"配伍禁忌符合率\": {\n      \"score\": 1.0,\n      \"reason\": \"无配伍禁忌冲突\"\n    },\n    \"君臣佐使结构合理率\": {\n      \"score\": 1.0,\n      \"reason\": \"结构清晰合理\"\n    },\n    \"幻觉率\": {\n      \"score\": 1.0,\n      \"reason\": \"无幻觉内容\"\n    },\n    \"临床指南匹配情况\": {\n      \"score\": 70.0,\n      \"reason\": \"症状描述较为准确，但缺乏具体临床指南引用\"\n    },\n    \"毒性成份识别情况\": {\n      \"score\": 80.0,\n      \"reason\": \"未提及毒性成分，但未明确指出无毒性\"\n    },\n    \"个性化匹配度\": {\n      \"score\": 60.0,\n      \"reason\": \"症状描述较泛，未具体到个人\"\n    },\n    \"可解释性证据质量\": {\n      \"score\": 70.0,\n      \"reason\": \"药材功效描述较笼统，缺乏具体研究支持\"\n    },\n    \"平见药的使用缺漏情况\": {\n      \"score\": 90.0,\n      \"reason\": \"未见明显平见药使用缺漏\"\n    },\n    \"不良反应禁忌覆盖情况\": {\n      \"score\": 80.0,\n      \"reason\": \"禁忌说明较为全面\"\n    },\n    \"药材可获取情况\": {\n      \"score\": 95.0,\n      \"reason\": \"药材常见易得\"\n    },\n    \"疗效证据可信度\": {\n      \"score\": 60.0,\n      \"reason\": \"缺乏具体疗效证据支持\"\n    },\n    \"剂量合理性\": {\n      \"score\": 85.0,\n      \"reason\": \"剂量设置合理，但未提供依据\"\n    },\n    \"鲁棒性\": {\n      \"score\": 80.0,\n      \"reason\": \"整体结构合理，但细节上存在不足\"\n    },\n    \"weighted_total\": 74.0\n  }\n}"
  },
  {
    "index": 1,
    "input": "[*症状*]心口窝早晨起来阵疼胃镜和彩超都看了，也没看出来哪里有毛病。希望医生帮帮忙[*基于图的检索增强信息*]就诊方向心内科。疾病方向心内科其他",
    "output": "[*推荐方剂*]  \n方剂名称：**香砂六君子汤**  \n\n[*中药成分*]  \n**君药**：  \n- 党参15g（补中益气，健脾养胃）  \n\n**臣药**：  \n- 白术12g（健脾燥湿，助运化）  \n- 茯苓12g（利水渗湿，健脾宁心）  \n\n**佐药**：  \n- 陈皮9g（理气健脾，燥湿化痰）  \n- 半夏9g（降逆止呕，消痞散结）  \n- 木香6g（行气止痛，健脾消食）  \n- 砂仁6g（化湿开胃，温脾止泻）  \n\n**使药**：  \n- 甘草6g（调和诸药，补脾益气）  \n\n[*适用人群症状*]  \n适合脾胃虚弱、气滞湿阻型功能性消化不良患者。典型表现为：  \n- 胃脘痞闷或隐痛  \n- 食欲不振  \n- 嗳气频作  \n- 饭后饱胀  \n- 大便溏薄或排便不畅  \n- 虽经胃镜等检查未见器质性病变  \n\n[*脉象舌苔*]  \n- **脉象**：细弱或弦滑  \n- **舌苔**：舌质淡胖，苔白腻或薄白  \n\n[*方剂使用禁忌*]  \n- **禁忌人群**：  \n  - 实热证患者（舌红苔黄、口干口苦）  \n  - 阴虚火旺者（五心烦热、盗汗）  \n- **配伍禁忌**：  \n  - 不宜与含乌头碱类药物同用  \n- **注意事项**：  \n  - 服药期间忌食生冷油腻  \n  - 孕妇慎用半夏  \n\n[*炮制方法*]  \n1. 所有药材净选后晒干  \n2. 半夏需姜汁炮制（每100g半夏用生姜20g取汁拌炒）  \n3. 砂仁后下（其他药煎煮完成前5分钟加入）  \n4. 常规水煎法：  \n   - 头煎加水500ml，武火煮沸后文火煎30分钟  \n   - 二煎加水300ml，煎20分钟  \n   - 两煎药液混合，分2-3次温服  \n5. 亦可制成丸剂：  \n   - 各药等份研细末  \n   - 水泛为丸，如绿豆大  \n   - 每次6-9g，每日2次  \n\n（注：此方针对\"检查无异常的功能性胃肠不适\"，若症状持续或加重，建议复查排除器质性疾病）",
    "scores": {
      "dimensions": [
        {
          "name": "配伍禁忌符合率",
          "score": 1.0,
          "max_score": 1.0,
          "weight": 1.0,
          "reason": "无配伍禁忌错误"
        },
        {
          "name": "君臣佐使结构合理率",
          "score": 1.0,
          "max_score": 1.0,
          "weight": 1.0,
          "reason": "结构清晰合理"
        },
        {
          "name": "幻觉率",
          "score": 1.0,
          "max_score": 1.0,
          "weight": 1.0,
          "reason": "无不合理描述"
        },
        {
          "name": "临床指南匹配情况",
          "score": 80.0,
          "max_score": 100.0,
          "weight": 15.0,
          "reason": "适用于功能性消化不良，但缺乏具体指南引用"
        },
        {
          "name": "毒性成份识别情况",
          "score": 85.0,
          "max_score": 100.0,
          "weight": 15.0,
          "reason": "识别了半夏的炮制方法和孕妇慎用，但未全面列出所有毒性成分"
        },
        {
          "name": "个性化匹配度",
          "score": 70.0,
          "max_score": 100.0,
          "weight": 12.0,
          "reason": "描述了适用症状，但未提供个体化调整建议"
        },
        {
          "name": "可解释性证据质量",
          "score": 80.0,
          "max_score": 100.0,
          "weight": 10.0,
          "reason": "提供了药材功效说明，但缺乏具体研究证据引用"
        },
        {
          "name": "平见药的使用缺漏情况",
          "score": 90.0,
          "max_score": 100.0,
          "weight": 10.0,
          "reason": "未见明显缺漏，但未详细说明平见药的作用"
        },
        {
          "name": "不良反应禁忌覆盖情况",
          "score": 85.0,
          "max_score": 100.0,
          "weight": 10.0,
          "reason": "指出了禁忌人群和注意事项，但未全面覆盖所有可能的不良反应"
        },
        {
          "name": "药材可获取情况",
          "score": 95.0,
          "max_score": 100.0,
          "weight": 8.0,
          "reason": "药材常见，易于获取"
        },
        {
          "name": "疗效证据可信度",
          "score": 70.0,
          "max_score": 100.0,
          "weight": 5.0,
          "reason": "描述了适用症状，但缺乏具体疗效证据支持"
        },
        {
          "name": "剂量合理性",
          "score": 85.0,
          "max_score": 100.0,
          "weight": 10.0,
          "reason": "给出了具体剂量，但未详细解释剂量合理性依据"
        },
        {
          "name": "鲁棒性",
          "score": 80.0,
          "max_score": 100.0,
          "weight": 5.0,
          "reason": "考虑了部分特殊情况，但未全面覆盖所有可能的情况"
        }
      ],
      "weighted_total": 85.25
    },
    "model_raw": "{\n  \"dimensions\": [\n    {\"name\": \"配伍禁忌符合率\", \"score\": 1.0, \"reason\": \"无配伍禁忌错误\"},\n    {\"name\": \"君臣佐使结构合理率\", \"score\": 1.0, \"reason\": \"结构清晰合理\"},\n    {\"name\": \"幻觉率\", \"score\": 1.0, \"reason\": \"无不合理描述\"},\n    {\"name\": \"临床指南匹配情况\", \"score\": 80.0, \"reason\": \"适用于功能性消化不良，但缺乏具体指南引用\"},\n    {\"name\": \"毒性成份识别情况\", \"score\": 85.0, \"reason\": \"识别了半夏的炮制方法和孕妇慎用，但未全面列出所有毒性成分\"},\n    {\"name\": \"个性化匹配度\", \"score\": 70.0, \"reason\": \"描述了适用症状，但未提供个体化调整建议\"},\n    {\"name\": \"可解释性证据质量\", \"score\": 80.0, \"reason\": \"提供了药材功效说明，但缺乏具体研究证据引用\"},\n    {\"name\": \"平见药的使用缺漏情况\", \"score\": 90.0, \"reason\": \"未见明显缺漏，但未详细说明平见药的作用\"},\n    {\"name\": \"不良反应禁忌覆盖情况\", \"score\": 85.0, \"reason\": \"指出了禁忌人群和注意事项，但未全面覆盖所有可能的不良反应\"},\n    {\"name\": \"药材可获取情况\", \"score\": 95.0, \"reason\": \"药材常见，易于获取\"},\n    {\"name\": \"疗效证据可信度\", \"score\": 70.0, \"reason\": \"描述了适用症状，但缺乏具体疗效证据支持\"},\n    {\"name\": \"剂量合理性\", \"score\": 85.0, \"reason\": \"给出了具体剂量，但未详细解释剂量合理性依据\"},\n    {\"name\": \"鲁棒性\", \"score\": 80.0, \"reason\": \"考虑了部分特殊情况，但未全面覆盖所有可能的情况\"}\n  ],\n  \"weighted_total\": 80.5\n}"
  },
  {
    "index": 2,
    "input": "[*症状*]大便出血应该有一年了吧  开始大便不成型  现在好点能成型了 但是几乎每次擦屁股都有血 最早血不多 最近出现过两次多点的情况  擦干净就没血了 我看了看大便上没血  今早看了眼大便上有道裂纹  每次便后肛门周围有轻微酸痛痒 没有肚子疼  我平时吃素多  不吃海鲜 也不喝酒  大便后有血[*基于图的检索增强信息*]就诊方向直肠肛管疾病。疾病方向痔疮",
    "output": "[*推荐方剂*]  \n方剂名称：**槐花散加减**  \n\n[*中药成分*]  \n**君药**：  \n- 槐花炭15g（凉血止血，清大肠湿热）  \n\n**臣药**：  \n- 地榆炭12g（收敛止血，解毒敛疮）  \n- 侧柏叶10g（凉血止血，燥湿止痒）  \n\n**佐药**：  \n- 当归10g（养血活血，润肠通便）  \n- 炒白术12g（健脾益气，燥湿止泻）  \n- 防风6g（祛风胜湿，缓解肛门痒痛）  \n\n**使药**：  \n- 生甘草6g（调和诸药，清热解毒）  \n\n[*适用人群症状*]  \n适合长期便血、肛门潮湿瘙痒、大便初硬后溏者。典型表现为：  \n- 便后擦纸带血或便面有血丝  \n- 肛门灼热、酸胀、微痒  \n- 大便时干时溏，排便不畅  \n- 素食为主，脾胃虚弱  \n\n[*脉象舌苔*]  \n- **脉象**：弦细或濡数（提示湿热兼脾虚）  \n- **舌苔**：舌质偏红，苔薄黄微腻（下焦湿热征象）  \n\n[*方剂使用禁忌*]  \n- **禁忌人群**：孕妇、阳虚便血（血色淡红、畏寒肢冷者）  \n- **配伍禁忌**：忌与温补类药物同用  \n- **注意事项**：  \n  - 出血量大时需排除痔疮破裂  \n  - 服药期间忌食辛辣、燥热食物  \n  - 保持肛门清洁，可配合苦参煎汤外洗  \n\n[*炮制方法*]  \n1. 槐花、地榆均用炭剂（增强止血效果）  \n2. 诸药共研粗末，纱布包煎  \n3. 每日1剂，水煎2次，取汁300ml  \n4. 分早晚两次温服  \n5. 建议配合外用：五倍子10g煎汤熏洗肛门  \n\n◆ 加减建议：  \n- 肛门肿痛加：秦艽10g  \n- 便秘明显加：火麻仁15g  \n- 气虚下坠加：炙黄芪15g  \n\n（注：建议先行直肠指检排除肛裂/痔疮，若出血持续需结合现代医学检查）",
    "scores": {
      "dimensions": [
        {
          "name": "配伍禁忌符合率",
          "score": 1.0,
          "max_score": 1.0,
          "weight": 1.0,
          "reason": "无配伍禁忌"
        },
        {
          "name": "君臣佐使结构合理率",
          "score": 1.0,
          "max_score": 1.0,
          "weight": 1.0,
          "reason": "结构清晰合理"
        },
        {
          "name": "幻觉率",
          "score": 1.0,
          "max_score": 1.0,
          "weight": 1.0,
          "reason": "无不合理描述"
        },
        {
          "name": "临床指南匹配情况",
          "score": 80.0,
          "max_score": 100.0,
          "weight": 15.0,
          "reason": "症状描述较准确，但缺乏具体临床指南引用"
        },
        {
          "name": "毒性成份识别情况",
          "score": 90.0,
          "max_score": 100.0,
          "weight": 15.0,
          "reason": "未提及毒性成分，但避免了温补类药物"
        },
        {
          "name": "个性化匹配度",
          "score": 70.0,
          "max_score": 100.0,
          "weight": 12.0,
          "reason": "考虑了部分个体差异，但不够详细"
        },
        {
          "name": "可解释性证据质量",
          "score": 85.0,
          "max_score": 100.0,
          "weight": 10.0,
          "reason": "提供了部分理论依据，但缺乏实证研究支持"
        },
        {
          "name": "平见药的使用缺漏情况",
          "score": 95.0,
          "max_score": 100.0,
          "weight": 10.0,
          "reason": "未见明显缺漏，且合理使用了平见药"
        },
        {
          "name": "不良反应禁忌覆盖情况",
          "score": 85.0,
          "max_score": 100.0,
          "weight": 10.0,
          "reason": "提到了出血量大的情况，但未全面覆盖所有可能的不良反应"
        },
        {
          "name": "药材可获取情况",
          "score": 90.0,
          "max_score": 100.0,
          "weight": 8.0,
          "reason": "药材常见，易于获取"
        },
        {
          "name": "疗效证据可信度",
          "score": 70.0,
          "max_score": 100.0,
          "weight": 5.0,
          "reason": "缺乏具体疗效证据支持"
        },
        {
          "name": "剂量合理性",
          "score": 90.0,
          "max_score": 100.0,
          "weight": 10.0,
          "reason": "剂量设置合理，但未提供具体依据"
        },
        {
          "name": "鲁棒性",
          "score": 80.0,
          "max_score": 100.0,
          "weight": 5.0,
          "reason": "考虑了一定范围内的个体差异，但不够全面"
        }
      ],
      "weighted_total": 87.1
    },
    "model_raw": "{\n  \"dimensions\": [\n    {\"name\": \"配伍禁忌符合率\", \"score\": 1.0, \"reason\": \"无配伍禁忌\"},\n    {\"name\": \"君臣佐使结构合理率\", \"score\": 1.0, \"reason\": \"结构清晰合理\"},\n    {\"name\": \"幻觉率\", \"score\": 1.0, \"reason\": \"无不合理描述\"},\n    {\"name\": \"临床指南匹配情况\", \"score\": 80.0, \"reason\": \"症状描述较准确，但缺乏具体临床指南引用\"},\n    {\"name\": \"毒性成份识别情况\", \"score\": 90.0, \"reason\": \"未提及毒性成分，但避免了温补类药物\"},\n    {\"name\": \"个性化匹配度\", \"score\": 70.0, \"reason\": \"考虑了部分个体差异，但不够详细\"},\n    {\"name\": \"可解释性证据质量\", \"score\": 85.0, \"reason\": \"提供了部分理论依据，但缺乏实证研究支持\"},\n    {\"name\": \"平见药的使用缺漏情况\", \"score\": 95.0, \"reason\": \"未见明显缺漏，且合理使用了平见药\"},\n    {\"name\": \"不良反应禁忌覆盖情况\", \"score\": 85.0, \"reason\": \"提到了出血量大的情况，但未全面覆盖所有可能的不良反应\"},\n    {\"name\": \"药材可获取情况\", \"score\": 90.0, \"reason\": \"药材常见，易于获取\"},\n    {\"name\": \"疗效证据可信度\", \"score\": 70.0, \"reason\": \"缺乏具体疗效证据支持\"},\n    {\"name\": \"剂量合理性\", \"score\": 90.0, \"reason\": \"剂量设置合理，但未提供具体依据\"},\n    {\"name\": \"鲁棒性\", \"score\": 80.0, \"reason\": \"考虑了一定范围内的个体差异，但不够全面\"}\n  ],\n  \"weighted_total\": 124.0\n}"
  },
  {
    "index": 3,
    "input": "[*症状*]L4_5椎间盘膨出并突出由于膨出压迫左腿不舒服，特别是晚上更重。请给出合适的诊断方案腰间盘突出左腿疼痛[*基于图的检索增强信息*]就诊方向脊柱退行性变。疾病方向腰椎间盘突出",
    "output": "[*推荐方剂*]  \n方剂名称：**独活寄生汤加减**  \n\n[*中药成分*]  \n**君药**：  \n- 独活15g（祛风除湿，通痹止痛，专治下肢痹痛）  \n- 桑寄生30g（补肝肾，强筋骨，祛风湿）  \n\n**臣药**：  \n- 杜仲15g（补肝肾，强筋骨）  \n- 牛膝12g（活血通经，引药下行）  \n- 当归12g（养血活血，通络止痛）  \n\n**佐药**：  \n- 川芎10g（活血行气，祛风止痛）  \n- 白芍15g（养血柔肝，缓急止痛）  \n- 茯苓15g（健脾渗湿，宁心安神）  \n\n**使药**：  \n- 甘草6g（调和诸药，缓急止痛）  \n\n[*适用人群症状*]  \n- 腰椎间盘突出或膨出压迫神经导致的下肢疼痛、麻木  \n- 夜间疼痛加重，活动受限  \n- 常伴腰膝酸软、乏力  \n- 遇寒湿天气症状加重  \n\n[*脉象舌苔*]  \n- **脉象**：沉细或弦紧（主肝肾不足，寒湿痹阻）  \n- **舌苔**：舌质淡暗，苔白腻（提示气血不足，寒湿内停）  \n\n[*方剂使用禁忌*]  \n- **禁忌人群**：阴虚火旺者、孕妇慎用  \n- **配伍禁忌**：避免与寒凉泻下药同用  \n- **注意事项**：服药期间忌生冷油腻，注意腰部保暖  \n\n[*炮制方法*]  \n1. 所有药材冷水浸泡30分钟  \n2. 武火煮沸后转文火煎煮40分钟  \n3. 滤出药液后再煎一次，混合两次药液  \n4. 每日1剂，分早晚2次温服  \n5. 可配合药渣热敷患处（外用）  \n\n注：若疼痛剧烈可加制川乌6g（先煎1小时）；麻木明显加鸡血藤30g；肾虚明显加续断15g。建议连续服用2周后复诊调整方剂。",
    "scores": {
      "dimensions": [
        {
          "name": "配伍禁忌符合率",
          "score": 1.0,
          "max_score": 1.0,
          "weight": 1.0,
          "reason": "无配伍禁忌冲突"
        },
        {
          "name": "君臣佐使结构合理率",
          "score": 1.0,
          "max_score": 1.0,
          "weight": 1.0,
          "reason": "结构清晰合理"
        },
        {
          "name": "幻觉率",
          "score": 0.0,
          "max_score": 1.0,
          "weight": 1.0,
          "reason": "无不合理或虚假信息"
        },
        {
          "name": "临床指南匹配情况",
          "score": 70.0,
          "max_score": 100.0,
          "weight": 15.0,
          "reason": "部分症状与临床指南相符"
        },
        {
          "name": "毒性成份识别情况",
          "score": 80.0,
          "max_score": 100.0,
          "weight": 15.0,
          "reason": "识别了制川乌的毒性"
        },
        {
          "name": "个性化匹配度",
          "score": 85.0,
          "max_score": 100.0,
          "weight": 12.0,
          "reason": "提供了加减药建议"
        },
        {
          "name": "可解释性证据质量",
          "score": 90.0,
          "max_score": 100.0,
          "weight": 10.0,
          "reason": "药材功效描述详细且合理"
        },
        {
          "name": "平见药的使用缺漏情况",
          "score": 95.0,
          "max_score": 100.0,
          "weight": 10.0,
          "reason": "未见明显平见药使用缺漏"
        },
        {
          "name": "不良反应禁忌覆盖情况",
          "score": 85.0,
          "max_score": 100.0,
          "weight": 10.0,
          "reason": "覆盖了禁忌人群和注意事项"
        },
        {
          "name": "药材可获取情况",
          "score": 95.0,
          "max_score": 100.0,
          "weight": 8.0,
          "reason": "药材常见易得"
        },
        {
          "name": "疗效证据可信度",
          "score": 60.0,
          "max_score": 100.0,
          "weight": 5.0,
          "reason": "缺乏具体临床研究支持"
        },
        {
          "name": "剂量合理性",
          "score": 90.0,
          "max_score": 100.0,
          "weight": 10.0,
          "reason": "剂量设置合理"
        },
        {
          "name": "鲁棒性",
          "score": 85.0,
          "max_score": 100.0,
          "weight": 5.0,
          "reason": "考虑了个体差异和症状变化"
        }
      ],
      "weighted_total": 85.55
    },
    "model_raw": "{\n  \"dimensions\": {\n    \"配伍禁忌符合率\": {\n      \"score\": 1.0,\n      \"reason\": \"无配伍禁忌冲突\"\n    },\n    \"君臣佐使结构合理率\": {\n      \"score\": 1.0,\n      \"reason\": \"结构清晰合理\"\n    },\n    \"幻觉率\": {\n      \"score\": 0.0,\n      \"reason\": \"无不合理或虚假信息\"\n    },\n    \"临床指南匹配情况\": {\n      \"score\": 70.0,\n      \"reason\": \"部分症状与临床指南相符\"\n    },\n    \"毒性成份识别情况\": {\n      \"score\": 80.0,\n      \"reason\": \"识别了制川乌的毒性\"\n    },\n    \"个性化匹配度\": {\n      \"score\": 85.0,\n      \"reason\": \"提供了加减药建议\"\n    },\n    \"可解释性证据质量\": {\n      \"score\": 90.0,\n      \"reason\": \"药材功效描述详细且合理\"\n    },\n    \"平见药的使用缺漏情况\": {\n      \"score\": 95.0,\n      \"reason\": \"未见明显平见药使用缺漏\"\n    },\n    \"不良反应禁忌覆盖情况\": {\n      \"score\": 85.0,\n      \"reason\": \"覆盖了禁忌人群和注意事项\"\n    },\n    \"药材可获取情况\": {\n      \"score\": 95.0,\n      \"reason\": \"药材常见易得\"\n    },\n    \"疗效证据可信度\": {\n      \"score\": 60.0,\n      \"reason\": \"缺乏具体临床研究支持\"\n    },\n    \"剂量合理性\": {\n      \"score\": 90.0,\n      \"reason\": \"剂量设置合理\"\n    },\n    \"鲁棒性\": {\n      \"score\": 85.0,\n      \"reason\": \"考虑了个体差异和症状变化\"\n    }\n  },\n  \"weighted_total\": 82.5\n}"
  },
  {
    "index": 4,
    "input": "[*症状*]腰椎间盘突出装修引起的腰椎间盘突出腰椎间盘突出不能结婚吗[*基于图的检索增强信息*]就诊方向脊柱退行性变。疾病方向脊柱退行性变",
    "output": "[*推荐方剂*]  \n方剂名称：**独活寄生汤加减**  \n\n[*中药成分*]  \n**君药**：  \n- 独活12g（祛风除湿，通痹止痛）  \n- 桑寄生15g（补肝肾，强筋骨）  \n\n**臣药**：  \n- 杜仲12g（补肝肾，强筋骨）  \n- 牛膝12g（活血通经，引药下行）  \n- 当归10g（活血养血）  \n\n**佐药**：  \n- 川芎10g（活血行气，祛风止痛）  \n- 白芍12g（养血柔肝，缓急止痛）  \n- 茯苓12g（健脾渗湿）  \n- 防风10g（祛风胜湿）  \n\n**使药**：  \n- 细辛3g（温经散寒止痛）  \n- 甘草6g（调和诸药）  \n\n[*适用人群症状*]  \n适合因劳累、受寒或外伤（如装修等体力劳动）导致的腰椎间盘突出症患者，表现为腰部疼痛、活动受限、下肢麻木或放射痛，遇寒加重，得温则减。  \n\n[*脉象舌苔*]  \n- **脉象**：沉细或弦紧  \n- **舌苔**：舌淡苔白或白腻  \n\n[*方剂使用禁忌*]  \n- **禁忌人群**：阴虚火旺、实热证患者禁用；孕妇慎用。  \n- **配伍禁忌**：不宜与藜芦同用（因含白芍）。  \n- **注意事项**：服药期间忌生冷、油腻食物；避免过度劳累及受寒。  \n\n[*炮制方法*]  \n1. 将上述药材（除细辛外）洗净，浸泡30分钟。  \n2. 加水煎煮，武火煮沸后转文火煎30分钟。  \n3. 加入细辛，再煎5分钟。  \n4. 滤取药液，分2次温服（早晚各1次）。  \n5. 常用剂型：汤剂，也可制成丸剂（需调整用量）。  \n\n**加减建议**：  \n- 疼痛剧烈者：加制川乌6g（先煎）、乳香6g。  \n- 下肢麻木明显者：加鸡血藤15g、地龙10g。  \n- 寒湿重者：加干姜10g、苍术10g。  \n\n（注：使用制川乌需先煎1小时以减毒，建议在医师指导下调整方剂。）",
    "scores": {
      "dimensions": [
        {
          "name": "配伍禁忌符合率",
          "score": 0.0,
          "max_score": 1.0,
          "weight": 1.0,
          "reason": "未评估或缺失，默认0分"
        },
        {
          "name": "君臣佐使结构合理率",
          "score": 0.0,
          "max_score": 1.0,
          "weight": 1.0,
          "reason": "未评估或缺失，默认0分"
        },
        {
          "name": "幻觉率",
          "score": 0.0,
          "max_score": 1.0,
          "weight": 1.0,
          "reason": "未评估或缺失，默认0分"
        },
        {
          "name": "临床指南匹配情况",
          "score": 0.0,
          "max_score": 100.0,
          "weight": 15.0,
          "reason": "未评估或缺失，默认0分"
        },
        {
          "name": "毒性成份识别情况",
          "score": 0.0,
          "max_score": 100.0,
          "weight": 15.0,
          "reason": "未评估或缺失，默认0分"
        },
        {
          "name": "个性化匹配度",
          "score": 0.0,
          "max_score": 100.0,
          "weight": 12.0,
          "reason": "未评估或缺失，默认0分"
        },
        {
          "name": "可解释性证据质量",
          "score": 0.0,
          "max_score": 100.0,
          "weight": 10.0,
          "reason": "未评估或缺失，默认0分"
        },
        {
          "name": "平见药的使用缺漏情况",
          "score": 0.0,
          "max_score": 100.0,
          "weight": 10.0,
          "reason": "未评估或缺失，默认0分"
        },
        {
          "name": "不良反应禁忌覆盖情况",
          "score": 0.0,
          "max_score": 100.0,
          "weight": 10.0,
          "reason": "未评估或缺失，默认0分"
        },
        {
          "name": "药材可获取情况",
          "score": 0.0,
          "max_score": 100.0,
          "weight": 8.0,
          "reason": "未评估或缺失，默认0分"
        },
        {
          "name": "疗效证据可信度",
          "score": 0.0,
          "max_score": 100.0,
          "weight": 5.0,
          "reason": "未评估或缺失，默认0分"
        },
        {
          "name": "剂量合理性",
          "score": 0.0,
          "max_score": 100.0,
          "weight": 10.0,
          "reason": "未评估或缺失，默认0分"
        },
        {
          "name": "鲁棒性",
          "score": 0.0,
          "max_score": 100.0,
          "weight": 5.0,
          "reason": "未评估或缺失，默认0分"
        }
      ],
      "weighted_total": 0.0
    },
    "model_raw": "{\n  \"dimensions\": {\n    \"配伍禁忌符合率\": 1.0,\n    \"君臣佐使结构合理率\": 1.0,\n    \"幻觉率\": 0.0,\n    \"临床指南匹配情况\": 85.0,\n    \"毒性成份识别情况\": 90.0,\n    \"个性化匹配度\": 80.0,\n    \"可解释性证据质量\": 95.0,\n    \"平见药的使用缺漏情况\": 90.0,\n    \"不良反应禁忌覆盖情况\": 100.0,\n    \"药材可获取情况\": 95.0,\n    \"疗效证据可信度\": 85.0,\n    \"剂量合理性\": 95.0,\n    \"鲁棒性\": 90.0\n  },\n  \"weighted_total\": 92.3\n}"
  }
]